{
  "accuracy": [
    0.7811107039451599,
    0.8116797804832458,
    0.8229179978370667,
    0.8281047940254211,
    0.8324376344680786,
    0.8344581723213196,
    0.8378848433494568,
    0.8384993672370911,
    0.841478168964386,
    0.8444985747337341,
    0.8446652293205261,
    0.8470191359519958,
    0.847644031047821,
    0.8493625521659851,
    0.8503832817077637,
    0.8504666090011597,
    0.8523622155189514,
    0.8517372608184814,
    0.8534558415412903,
    0.8539036512374878,
    0.8546223640441895,
    0.8553930521011353,
    0.8562887907028198,
    0.8566325306892395,
    0.8565595746040344,
    0.8571324348449707,
    0.8579031825065613,
    0.857496976852417,
    0.8585385084152222,
    0.8588092923164368,
    0.8604445457458496,
    0.8599550127983093,
    0.8616839647293091,
    0.8608090877532959,
    0.8603299856185913,
    0.8618089556694031,
    0.8622255325317383,
    0.8639232516288757,
    0.8649543523788452,
    0.8661105036735535,
    0.8654543161392212,
    0.8653709888458252,
    0.8654543161392212,
    0.8652147650718689,
    0.8656834363937378,
    0.8652668595314026,
    0.8662354946136475,
    0.867058277130127,
    0.866933286190033,
    0.867058277130127,
    0.8676519393920898,
    0.8678498268127441,
    0.8673186898231506,
    0.867099940776825,
    0.8689538836479187,
    0.868818461894989,
    0.8681206703186035,
    0.8679852485656738,
    0.868818461894989,
    0.8686622381210327,
    0.869735062122345,
    0.8680998086929321,
    0.8682976961135864,
    0.8689330220222473,
    0.8694225549697876,
    0.8692663311958313,
    0.869526743888855,
    0.8696829676628113,
    0.8697142004966736,
    0.8694121837615967,
    0.8708807229995728,
    0.8704953789710999,
    0.871370255947113,
    0.8696725368499756,
    0.869235098361969,
    0.8701828718185425,
    0.8703287243843079,
    0.8705995082855225,
    0.8700683116912842,
    0.8708286285400391,
    0.8698704242706299,
    0.8698912858963013,
    0.8705266118049622,
    0.8704120516777039,
    0.8707036375999451,
    0.871036946773529,
    0.8707765936851501,
    0.8698599934577942,
    0.8702870607376099,
    0.8717347979545593,
    0.8717347979545593,
    0.8717451691627502,
    0.8714327216148376,
    0.8704328536987305,
    0.8714639544487,
    0.8705995082855225,
    0.871120274066925,
    0.8711723685264587,
    0.8707349300384521,
    0.8696829676628113
  ],
  "auc": [
    0.8486810922622681,
    0.8904915452003479,
    0.9009150266647339,
    0.9063979387283325,
    0.9107617735862732,
    0.9132334589958191,
    0.9157801270484924,
    0.9178324937820435,
    0.919424831867218,
    0.921071469783783,
    0.9227607250213623,
    0.9246546030044556,
    0.9253959655761719,
    0.9263251423835754,
    0.9270809292793274,
    0.9280191659927368,
    0.9292547106742859,
    0.9294931888580322,
    0.9306322932243347,
    0.931678831577301,
    0.9313250184059143,
    0.9319450259208679,
    0.9329958558082581,
    0.9340178966522217,
    0.9341604113578796,
    0.934266209602356,
    0.9351626634597778,
    0.9351122379302979,
    0.9355725049972534,
    0.936271071434021,
    0.9368869066238403,
    0.9368409514427185,
    0.9371349215507507,
    0.9375808238983154,
    0.9371302127838135,
    0.9382616877555847,
    0.9394450783729553,
    0.9400630593299866,
    0.9407600164413452,
    0.9411419034004211,
    0.9417667388916016,
    0.9419339299201965,
    0.9408361911773682,
    0.9415090084075928,
    0.9418864250183105,
    0.9414824843406677,
    0.9428048729896545,
    0.9435932040214539,
    0.9435064196586609,
    0.9436966776847839,
    0.9440001249313354,
    0.9435254335403442,
    0.9440096616744995,
    0.9433686137199402,
    0.9440568089485168,
    0.9445958137512207,
    0.9443085193634033,
    0.9442943334579468,
    0.9451193809509277,
    0.9451069831848145,
    0.9453735947608948,
    0.9448356628417969,
    0.9448974132537842,
    0.9452007412910461,
    0.9452681541442871,
    0.9457113146781921,
    0.9450559616088867,
    0.9456527829170227,
    0.945554792881012,
    0.9456350207328796,
    0.9460235834121704,
    0.9462161064147949,
    0.9463324546813965,
    0.9458954334259033,
    0.9459694027900696,
    0.9462902545928955,
    0.9459093809127808,
    0.9460699558258057,
    0.9460416436195374,
    0.9463260769844055,
    0.9463503360748291,
    0.9458253383636475,
    0.9461960196495056,
    0.9464417099952698,
    0.9463741779327393,
    0.9462897181510925,
    0.9461991190910339,
    0.9461162686347961,
    0.9463531970977783,
    0.9469383955001831,
    0.9461641311645508,
    0.9466418623924255,
    0.9468101263046265,
    0.9462872743606567,
    0.9467074275016785,
    0.9462509751319885,
    0.946519136428833,
    0.9462478160858154,
    0.9465956687927246,
    0.9464414119720459
  ],
  "loss": [
    0.4487535059452057,
    0.38434314727783203,
    0.36733779311180115,
    0.3580637574195862,
    0.35040318965911865,
    0.34533655643463135,
    0.34044069051742554,
    0.33658429980278015,
    0.3335508406162262,
    0.33072763681411743,
    0.3274293541908264,
    0.3228209912776947,
    0.32186779379844666,
    0.3202653229236603,
    0.31879502534866333,
    0.31695255637168884,
    0.3145357370376587,
    0.31423458456993103,
    0.3118923008441925,
    0.30958086252212524,
    0.3105814456939697,
    0.3093666136264801,
    0.3074602782726288,
    0.30504441261291504,
    0.3047557771205902,
    0.3044387996196747,
    0.3025795817375183,
    0.3028438687324524,
    0.3016347289085388,
    0.3004719913005829,
    0.29901236295700073,
    0.29922062158584595,
    0.29831191897392273,
    0.297587126493454,
    0.2983855605125427,
    0.29578760266304016,
    0.29294678568840027,
    0.29188960790634155,
    0.29004254937171936,
    0.289069265127182,
    0.28766706585884094,
    0.2876772880554199,
    0.2899779975414276,
    0.2884639501571655,
    0.28775501251220703,
    0.2885940372943878,
    0.2853281795978546,
    0.28340914845466614,
    0.2841131389141083,
    0.2835770547389984,
    0.2827869653701782,
    0.2840431034564972,
    0.28277161717414856,
    0.2843043804168701,
    0.2828851640224457,
    0.2808563709259033,
    0.2818550169467926,
    0.282147079706192,
    0.2804001569747925,
    0.2800804376602173,
    0.2792987823486328,
    0.2806680202484131,
    0.28063225746154785,
    0.28006577491760254,
    0.27968400716781616,
    0.27852168679237366,
    0.28024595975875854,
    0.2790457308292389,
    0.2793678641319275,
    0.2788151502609253,
    0.27797529101371765,
    0.2772589325904846,
    0.2769027352333069,
    0.27859872579574585,
    0.27824684977531433,
    0.27752161026000977,
    0.27801796793937683,
    0.2779058814048767,
    0.2778509259223938,
    0.2774657905101776,
    0.2771614193916321,
    0.2786253094673157,
    0.27760738134384155,
    0.2770446240901947,
    0.27705976366996765,
    0.27744635939598083,
    0.277424693107605,
    0.27752771973609924,
    0.2774985432624817,
    0.2762746214866638,
    0.2780452072620392,
    0.2767599821090698,
    0.2760067582130432,
    0.27739056944847107,
    0.276446670293808,
    0.2773386240005493,
    0.27693310379981995,
    0.2775305509567261,
    0.2768544852733612,
    0.2769048511981964
  ],